{
    "affinity_pred_value": -0.30382785201072693,
    "affinity_probability_binary": 0.3279384672641754,
    "affinity_pred_value1": -0.13983239233493805,
    "affinity_probability_binary1": 0.30384334921836853,
    "affinity_pred_value2": -0.467823326587677,
    "affinity_probability_binary2": 0.3520335853099823
}