{
    "confidence_score": 0.8410118222236633,
    "ptm": 0.9050010442733765,
    "iptm": 0.8843793869018555,
    "ligand_iptm": 0.8843793869018555,
    "protein_iptm": 0.0,
    "complex_plddt": 0.8301698565483093,
    "complex_iplddt": 0.7058629989624023,
    "complex_pde": 0.50467449426651,
    "complex_ipde": 0.9314140677452087,
    "chains_ptm": {
        "0": 0.9154518842697144,
        "1": 0.8251466155052185
    },
    "pair_chains_iptm": {
        "0": {
            "0": 0.9154518842697144,
            "1": 0.528755784034729
        },
        "1": {
            "0": 0.8843793869018555,
            "1": 0.8251466155052185
        }
    }
}