{
    "affinity_pred_value": 0.19400404393672943,
    "affinity_probability_binary": 0.024392157793045044,
    "affinity_pred_value1": -0.15486958622932434,
    "affinity_probability_binary1": 0.006041881162673235,
    "affinity_pred_value2": 0.5428776741027832,
    "affinity_probability_binary2": 0.04274243488907814
}