{
    "confidence_score": 0.9416509866714478,
    "ptm": 0.9655231237411499,
    "iptm": 0.9285802841186523,
    "ligand_iptm": 0.9285802841186523,
    "protein_iptm": 0.0,
    "complex_plddt": 0.944918692111969,
    "complex_iplddt": 0.8614571690559387,
    "complex_pde": 0.4347744286060333,
    "complex_ipde": 1.058194875717163,
    "chains_ptm": {
        "0": 0.9698478579521179,
        "1": 0.8862746357917786
    },
    "pair_chains_iptm": {
        "0": {
            "0": 0.9698478579521179,
            "1": 0.5084605813026428
        },
        "1": {
            "0": 0.9285802841186523,
            "1": 0.8862746357917786
        }
    }
}