{
    "affinity_pred_value": 4.191967487335205,
    "affinity_probability_binary": 0.3577069342136383,
    "affinity_pred_value1": 9.05308723449707,
    "affinity_probability_binary1": 9.377770813077134e-23,
    "affinity_pred_value2": -0.6691519021987915,
    "affinity_probability_binary2": 0.7154138684272766
}