{
    "affinity_pred_value": -1.2355940341949463,
    "affinity_probability_binary": 0.6442668437957764,
    "affinity_pred_value1": -1.4817146062850952,
    "affinity_probability_binary1": 0.7344939708709717,
    "affinity_pred_value2": -0.9894735217094421,
    "affinity_probability_binary2": 0.5540397763252258
}