{
    "confidence_score": 0.9671794772148132,
    "ptm": 0.9634805917739868,
    "iptm": 0.9539585113525391,
    "ligand_iptm": 0.9852041006088257,
    "protein_iptm": 0.951887845993042,
    "complex_plddt": 0.9704847931861877,
    "complex_iplddt": 0.9580942988395691,
    "complex_pde": 0.35037195682525635,
    "complex_ipde": 0.5839681029319763,
    "chains_ptm": {
        "0": 0.9781281352043152,
        "1": 0.9847481846809387,
        "2": 0.9348694086074829
    },
    "pair_chains_iptm": {
        "0": {
            "0": 0.9781281352043152,
            "1": 0.9414103627204895,
            "2": 0.7020716071128845
        },
        "1": {
            "0": 0.951887845993042,
            "1": 0.9847481846809387,
            "2": 0.5453565716743469
        },
        "2": {
            "0": 0.9852041006088257,
            "1": 0.9488019943237305,
            "2": 0.9348694086074829
        }
    }
}