{
    "affinity_pred_value": -1.453195333480835,
    "affinity_probability_binary": 0.5272940397262573,
    "affinity_pred_value1": -0.9369180202484131,
    "affinity_probability_binary1": 0.06103084236383438,
    "affinity_pred_value2": -1.9694726467132568,
    "affinity_probability_binary2": 0.9935572743415833
}