{
    "affinity_pred_value": 2.6721081733703613,
    "affinity_probability_binary": 0.10112501680850983,
    "affinity_pred_value1": 3.1024622917175293,
    "affinity_probability_binary1": 0.05292101204395294,
    "affinity_pred_value2": 2.2417540550231934,
    "affinity_probability_binary2": 0.1493290215730667
}