{
    "affinity_pred_value": 0.5864169001579285,
    "affinity_probability_binary": 0.36905720829963684,
    "affinity_pred_value1": 1.3636819124221802,
    "affinity_probability_binary1": 0.03707278519868851,
    "affinity_pred_value2": -0.19084806740283966,
    "affinity_probability_binary2": 0.7010416388511658
}